"0","fit_indep_model <- compile_model('indep_model', seq.data, 123, 1, 1, 10, 10)"
"2","Warning: incomplete final line found on 'D:/R/R-4.0.3/library/genomegamap/models/indep_model.stan'"
"2","Model executable is up to date!
"
"1","Running MCMC with 1 chain...

"
"1","Chain"
"1"," "
"1","1"
"1"," "
"1","WARNING: No variance estimation is"
"1"," "
"1","
"
"1","Chain"
"1"," "
"1","1"
"1"," "
"1","         performed for num_warmup < 20"
"1"," "
"1","
"
"1","Chain"
"1"," "
"1","1"
"1"," "
"1","Iteration:  1 / 20 [  5%]  (Warmup)"
"1"," "
"1","
"
"2","Chain 1 Informational Message: The current Metropolis proposal is about to be rejected because of the following issue:
"
"2","Chain 1 Exception: Exception: eigenvectors_sym: m is not symmetric. m[1,3] = inf, but m[3,1] = inf (in 'C:/Users/whale/AppData/Local/Temp/RtmpcjtLeN/model-4db4469c59a4.stan', line 332, column 5 to column 34) (in 'C:/Users/whale/AppData/Local/Temp/RtmpcjtLeN/model-4db4469c59a4.stan', line 410, column 2 to line 412, column 48)
"
"2","Chain 1 If this warning occurs sporadically, such as for highly constrained variable types like covariance matrices, then the sampler is fine,
"
"2","Chain 1 but if this warning occurs often then your model may be either severely ill-conditioned or misspecified.
"
"2","Chain 1 
"
"1","Chain"
"1"," "
"1","1"
"1"," "
"1","Iteration: 11 / 20 [ 55%]  (Sampling)"
"1"," "
"1","
"
"1","Chain"
"1"," "
"1","1"
"1"," "
"1","Iteration: 20 / 20 [100%]  (Sampling)"
"1"," "
"1","
"
"1","Chain"
"1"," "
"1","1"
"1"," "
"1","finished in"
"1"," "
"1","642.3"
"1"," "
"1","seconds.
"
"2","Registered S3 method overwritten by 'data.table':
  method           from
  print.data.table     
"
