{"working_dir":null,"default_chunk_options":{},"chunk_definitions":[{"row":19,"row_count":1,"visible":true,"expansion_state":0,"options":{"engine":"r","include":false,"label":"unnamed-chunk-1"},"document_id":"4D9507AA","chunk_id":"c5e49adoahxjo","chunk_label":"unnamed-chunk-1"},{"row":27,"row_count":1,"visible":true,"expansion_state":0,"options":{"include":false,"engine":"r","label":"setup"},"document_id":"4D9507AA","chunk_id":"csetup_chunk","chunk_label":"setup"},{"row":34,"row_count":1,"visible":true,"expansion_state":0,"options":{},"document_id":"4D9507AA","chunk_id":"cbmr3uy5ojdwj","chunk_label":"unnamed-chunk-2"},{"row":40,"row_count":1,"visible":true,"expansion_state":0,"options":{},"document_id":"4D9507AA","chunk_id":"cb3kqhbnorrcu","chunk_label":"unnamed-chunk-3"},{"row":46,"row_count":1,"visible":true,"expansion_state":0,"options":{},"document_id":"4D9507AA","chunk_id":"cgcqqin8d1e8r","chunk_label":"unnamed-chunk-4"}],"doc_write_time":1657532297}