{"chunk_definitions":[{"row":19,"row_count":1,"visible":true,"expansion_state":0,"options":{"engine":"r","include":false,"label":"unnamed-chunk-1"},"document_id":"B4F82B69","chunk_id":"cjv0k6cnhhnpy","chunk_label":"unnamed-chunk-1"},{"row":27,"row_count":1,"visible":true,"expansion_state":0,"options":{"include":false,"engine":"r","label":"setup"},"document_id":"B4F82B69","chunk_id":"csetup_chunk","chunk_label":"setup"},{"row":34,"row_count":1,"visible":true,"expansion_state":0,"options":{},"document_id":"B4F82B69","chunk_id":"cusdswb1q9nn9","chunk_label":"unnamed-chunk-2"},{"row":40,"row_count":1,"visible":true,"expansion_state":0,"options":{},"document_id":"B4F82B69","chunk_id":"c1slj3ui7m1r2","chunk_label":"unnamed-chunk-3"},{"row":46,"row_count":1,"visible":true,"expansion_state":0,"options":{},"document_id":"B4F82B69","chunk_id":"ckpsrjs4ss4sw","chunk_label":"unnamed-chunk-4"},{"row":52,"row_count":1,"visible":true,"expansion_state":0,"options":{},"document_id":"B4F82B69","chunk_id":"cxplilq09c72e","chunk_label":"unnamed-chunk-5"}],"doc_write_time":1657547482,"working_dir":null,"default_chunk_options":{}}