{"chunk_definitions":[{"row":19,"row_count":1,"visible":true,"expansion_state":0,"options":{"engine":"r","include":false,"label":"unnamed-chunk-1"},"document_id":"ECA6495C","chunk_id":"cy6xw15dz1xs9","chunk_label":"unnamed-chunk-1"},{"row":27,"row_count":1,"visible":true,"expansion_state":0,"options":{"include":false,"engine":"r","label":"setup"},"document_id":"ECA6495C","chunk_id":"csetup_chunk","chunk_label":"setup"},{"row":34,"row_count":1,"visible":true,"expansion_state":0,"options":{},"document_id":"ECA6495C","chunk_id":"cnd1sttr0uctq","chunk_label":"unnamed-chunk-2"},{"row":40,"row_count":1,"visible":true,"expansion_state":0,"options":{},"document_id":"ECA6495C","chunk_id":"c3ziozwag52z6","chunk_label":"unnamed-chunk-3"},{"row":46,"row_count":1,"visible":true,"expansion_state":0,"options":{},"document_id":"ECA6495C","chunk_id":"cf2l1pabk09b0","chunk_label":"unnamed-chunk-4"},{"row":52,"row_count":1,"visible":true,"expansion_state":0,"options":{},"document_id":"ECA6495C","chunk_id":"c85bj2d593x2s","chunk_label":"unnamed-chunk-5"}],"doc_write_time":1657718390,"working_dir":null,"default_chunk_options":{}}